,guess,information
0,raise,5.877909690821481
1,slate,5.8557753769559655
2,crate,5.834874004263521
3,irate,5.831396980440789
4,trace,5.830548713859442
5,arise,5.8209397008860035
6,stare,5.807280035160929
7,snare,5.770088860457003
8,arose,5.767796702404353
9,least,5.75164564567927
10,alert,5.745836550944613
11,crane,5.742781744697181
12,stale,5.7385726717904895
13,saner,5.733713267350087
14,alter,5.713170728077566
15,later,5.7060889572947895
16,react,5.696353951200043
17,leant,5.684573501404133
18,trade,5.681560869582507
19,learn,5.656074382048374
20,cater,5.646714898485081
21,roast,5.6451934500610665
22,aisle,5.636827622829472
23,trice,5.634236581503793
24,scare,5.630489493703488
25,parse,5.629691003590092
26,saute,5.620200903567958
27,heart,5.614518956629292
28,alone,5.614035882733971
29,store,5.610465734674015
30,alien,5.6095337891796895
31,share,5.608309347595908
32,grate,5.604083148440463
33,trail,5.591217966320829
34,siren,5.583402556140071
35,snore,5.578529550882131
36,caste,5.570506836905424
37,scale,5.565172531817353
38,atone,5.557517924509436
39,renal,5.555059401418772
40,dealt,5.5547626249919935
41,spare,5.5512082283142
42,train,5.550772862791718
43,plate,5.549879272497885
44,clear,5.548955370331098
45,rinse,5.5477532236489715
46,teary,5.538001726156844
47,shale,5.5366676906023224
48,solar,5.536233051451222
49,trial,5.536153949727725
50,glare,5.533163120364075
51,pearl,5.529942508066667
52,lance,5.521382195233993
53,stole,5.519419630280293
54,canoe,5.516656352048813
55,sonar,5.516330359854335
56,stair,5.5144666509763685
57,slice,5.5140920773363105
58,crone,5.513073926443138
59,tenor,5.5109254736239865
60,taper,5.5096628148213815
61,saint,5.506725385818213
62,route,5.497868072287212
63,slant,5.492667409725503
64,cleat,5.489950316579259
65,tread,5.489401473695658
66,blare,5.489099373634188
67,hater,5.484930990017603
68,steal,5.48009844932143
69,tried,5.4781306121011175
70,plane,5.471540041454991
71,rouse,5.4715290699599715
72,paler,5.464838977755659
73,loser,5.464573599865148
74,suite,5.458855924655323
75,tripe,5.458827716356037
76,crest,5.458308319019989
77,shear,5.455857074965442
78,sauce,5.4516074623124915
79,great,5.451086533589169
80,shire,5.4498341111797775
81,large,5.445788802645664
82,tamer,5.440075583411066
83,noise,5.436815246368449
84,stone,5.436301698507004
85,adore,5.43557721861687
86,lapse,5.432351878442421
87,score,5.431460831055093
88,close,5.4297513961397375
89,trope,5.427866871409215
90,table,5.425587066208474
91,shore,5.423006779807282
92,paste,5.421904483143788
93,horse,5.4210851239205535
94,leapt,5.418119667603723
95,truce,5.417510483420884
96,grace,5.4171983219306306
97,earth,5.415126787465736
98,risen,5.414273194614315
99,cause,5.410599932593124
100,liner,5.4044073890346365
101,aider,5.401612889475351
102,lathe,5.397525457213556
103,drone,5.397330091815501
104,haste,5.397207465610851
105,carol,5.3915322002630335
106,brace,5.390863359450799
107,prose,5.389718883962309
108,yeast,5.386118522622785
109,clone,5.385966322795025
110,snarl,5.384792524642558
111,coast,5.383204736941749
112,place,5.382929027003378
113,slain,5.382783452559959
114,spear,5.381116194467562
115,flare,5.377380516185069
116,prone,5.3753180716998825
117,spire,5.373607580234056
118,realm,5.371962331134755
119,beast,5.371544753108615
120,panel,5.369860210568177
121,range,5.368066199491965
122,cairn,5.367931479160455
123,pleat,5.366346460947782
124,satin,5.364484005357493
125,cadet,5.36441626825462
126,meant,5.362752372674031
127,leash,5.361860070234872
128,plier,5.360555141443255
129,layer,5.360411010376144
130,stern,5.357714827022323
131,drape,5.35716045828744
132,louse,5.356774577590211
133,yearn,5.355936006764153
134,urine,5.353581842004465
135,coral,5.350114628516867
136,tonal,5.349624928862462
137,ratio,5.348651696809389
138,slide,5.347630503252601
139,snort,5.3460849611970485
140,tribe,5.343156453333854
141,since,5.3429054976562975
142,clean,5.341880965656945
143,resin,5.341160685933128
144,arson,5.340565805036798
145,spore,5.339149842789518
146,inert,5.339045783208278
147,lager,5.337209330368827
148,snail,5.335312315261386
149,cedar,5.335038365850594
150,curse,5.3348168478818865
151,talon,5.334635562319446
152,salon,5.332359609709615
153,baler,5.33234742534626
154,caper,5.331900059988715
155,triad,5.330471276949359
156,their,5.3275186014865215
157,stage,5.325268264685901
158,petal,5.3250461888967155
159,enact,5.323889276896796
160,inlet,5.321632260784965
161,price,5.318989569425346
162,cruel,5.318870066611533
163,early,5.317115804441665
164,trash,5.31693853083698
165,laden,5.315047512954401
166,smear,5.314888911702499
167,nurse,5.313797436148319
168,poise,5.313678581783316
169,merit,5.306924639744077
170,relay,5.3054104251137435
171,baste,5.303654597347561
172,islet,5.303649999271017
173,inter,5.303585856865748
174,tease,5.302744090791166
175,space,5.299158176670601
176,spite,5.299065634580233
177,ramen,5.2951325101051605
178,heist,5.294966049202374
179,reach,5.293654224303237
180,onset,5.293635481859795
181,dance,5.293597267397255
182,those,5.291735222430669
183,safer,5.2916508635967805
184,slope,5.290605025616465
185,cried,5.290372739658378
186,erase,5.289077770276499
187,tapir,5.288984222670612
188,pause,5.285657227569357
189,sedan,5.2851608429588275
190,chase,5.283521800374079
191,feast,5.283053569997069
192,peril,5.280693122255316
193,outer,5.280644454553299
194,haute,5.278771465893664
195,utile,5.276972135274119
196,stein,5.275900584849921
197,slime,5.275099321130441
198,tilde,5.2739523286617205
199,grade,5.273926450871294
200,stain,5.273643976843889
201,shine,5.273119171716558
202,spiel,5.2714330009684165
203,agile,5.271345742128037
204,shalt,5.2704683237622945
205,false,5.269441421987362
206,hotel,5.266514792247041
207,chore,5.262737623902353
208,penal,5.2623420942238965
209,regal,5.261403722173868
210,farce,5.260884874771915
211,eclat,5.258936023708026
212,shone,5.257977141114977
213,water,5.257439489199421
214,trend,5.256699261793207
215,brine,5.2558651417213715
216,cable,5.25543605863878
217,poser,5.255284887022302
218,heard,5.254474765659886
219,teach,5.254409499201891
220,anode,5.253542636711812
221,scone,5.252786486239865
222,plait,5.251991618410668
223,afire,5.2507173110138625
224,borne,5.2500110154138335
225,lease,5.248506082562432
226,grape,5.248356133402274
227,timer,5.247412281315878
228,taker,5.244716309843721
229,drain,5.244658039109855
230,satyr,5.2435095904230735
231,metal,5.243452726808119
232,droit,5.243252826471689
233,smart,5.24207770778084
234,grant,5.241281499935288
235,write,5.2406633621250265
236,tiger,5.2405737269723
237,acute,5.237285400392543
238,polar,5.235489655363816
239,delta,5.235089449331684
240,diner,5.23462921786489
241,bleat,5.233089403873688
242,smile,5.230522327738155
243,crime,5.227263095193913
244,skate,5.227141782012209
245,smite,5.226090144075476
246,forte,5.226070214935016
247,wrote,5.219356123498575
248,argue,5.219118803799597
249,elate,5.218083785445836
250,artsy,5.217735593605834
251,actor,5.2159375789961
252,camel,5.213769317494468
253,remit,5.212200872876791
254,terse,5.211729784713173
255,scant,5.210368532638902
256,cutie,5.209819645691066
257,sober,5.208938261672045
258,shade,5.207197466600616
259,slept,5.202707760258141
260,chart,5.202157924393226
261,grail,5.200525853826341
262,motel,5.199634798217626
263,purse,5.197432298651971
264,stead,5.195061912655124
265,phase,5.192650230264245
266,feral,5.191905024251964
267,spine,5.191887293174969
268,anger,5.19097982984714
269,cream,5.190935159759482
270,aside,5.190734778168173
271,snide,5.187696947058873
272,smote,5.186140522469944
273,shape,5.1858895109247785
274,slave,5.185665436657701
275,angle,5.185033235105569
276,paint,5.183879100060118
277,short,5.183743169603331
278,nicer,5.183412390269043
279,plant,5.181617369077618
280,cheat,5.180958652349677
281,alike,5.178798840173197
282,leach,5.178764033769712
283,anime,5.178277586816637
284,snipe,5.176698700173
285,loath,5.17610773324006
286,lithe,5.176085223836209
287,older,5.174711272202647
288,worse,5.174201686230573
289,waste,5.172849800296477
290,shirt,5.171998473105001
291,court,5.171292702925059
292,heron,5.170535528224706
293,spelt,5.170358043297975
294,prune,5.169067815598555
295,miser,5.168693284488867
296,swear,5.168541982430313
297,rainy,5.167670612232717
298,payer,5.166140771246827
299,unite,5.166095130668119
300,goner,5.16585095798468
301,ripen,5.165523646836861
302,crave,5.164776142578201
303,pride,5.164685464131993
304,crept,5.163077455368743
305,relic,5.162994218307606
306,pried,5.162480653557183
307,eater,5.162369240449062
308,salty,5.160078596316945
309,death,5.1585698117921215
310,acorn,5.157105377698452
311,stake,5.156720349426501
312,glade,5.1559885323486885
313,molar,5.15546763038675
314,cider,5.155316894024621
315,sepia,5.153761735057826
316,stray,5.152402846911352
317,scent,5.15205744936888
318,valet,5.151999717736884
319,salve,5.15128476070788
320,brute,5.1487388337700315
321,lunar,5.147782511095183
322,recut,5.14673527633796
323,beard,5.145928482062197
324,spade,5.144988826850139
325,after,5.142394944078859
326,sleet,5.141257530493066
327,angel,5.140909674450457
328,ready,5.140457161951522
329,gloat,5.139803822649848
330,boast,5.138767241316589
331,chair,5.1367047509508525
332,swore,5.134984421208855
333,shame,5.134290765104739
334,drake,5.133279310271786
335,carve,5.132240201644003
336,snake,5.1317333845384026
337,shoal,5.131504318500724
338,harem,5.130996197121552
339,recap,5.129264166361072
340,metro,5.128853323372874
341,miner,5.126933486663849
342,moral,5.126886550483634
343,surge,5.126410908246175
344,grain,5.123810549921973
345,print,5.123237946014959
346,horde,5.12312482320973
347,style,5.122176872261869
348,royal,5.121471064953983
349,spice,5.120664542471554
350,blast,5.12017053209892
351,super,5.11994954364162
352,sport,5.116340208330489
353,barge,5.114867081885936
354,blade,5.114478030906231
355,trove,5.114254895967728
356,glean,5.11401867248817
357,unset,5.113571100123096
358,manor,5.1126072660188315
359,decal,5.111868217897102
360,nadir,5.109361017138745
361,crust,5.107479298821277
362,flier,5.106122408170223
363,maple,5.105211806157672
364,cease,5.1047505368440325
365,wrest,5.104420936168476
366,email,5.103122542533373
367,smelt,5.102521226838611
368,groan,5.1024705825183405
369,untie,5.101332229364533
370,strap,5.09986852371008
371,crash,5.099146417672217
372,house,5.098862918121753
373,singe,5.098533325455752
374,copse,5.09768110616687
375,treat,5.0974288429122225
376,bloat,5.0970792910917195
377,comet,5.096267406881196
378,reset,5.096148502029824
379,gruel,5.095021031268653
380,brain,5.094657003096053
381,roach,5.094567603081354
382,rifle,5.09452316447241
383,rouge,5.094130088003087
384,abort,5.09298050860627
385,sweat,5.092741144228626
386,fetal,5.091970124580685
387,filet,5.090701870837167
388,reign,5.090321070419873
389,steam,5.0894151807890635
390,agent,5.087335081929607
391,avert,5.086685733698676
392,chose,5.08495934329304
393,crude,5.084949119350293
394,rayon,5.084364587598461
395,splat,5.0838710196221415
396,taken,5.083288131307197
397,pulse,5.082813767656879
398,ulcer,5.082540703313906
399,spent,5.082452320236464
400,tidal,5.080964628473791
401,prime,5.080691990024971
402,gayer,5.079653451527203
403,opera,5.077096672925689
404,tower,5.075197163294977
405,hoist,5.074936469051046
406,facet,5.074455435546555
407,labor,5.0740176503148735
408,plain,5.073007745117184
409,sower,5.072909793214358
410,guile,5.071698293360619
411,alive,5.070300753744803
412,skier,5.07029542462577
413,debar,5.070084859790196
414,torus,5.069397311921045
415,giant,5.068230470116376
416,ultra,5.0670963231199915
417,staid,5.067038802993085
418,trite,5.066950606920656
419,cameo,5.066893838780513
420,dream,5.065664575532087
421,serif,5.063312616941672
422,stave,5.063239241844293
423,frame,5.061794556117112
424,force,5.059602769892625
425,olden,5.058167650596414
426,refit,5.0576801850973006
427,idler,5.0558471364821544
428,decor,5.0555181361453085
429,rogue,5.054698456103587
430,credo,5.053022949827942
431,radio,5.052033804257515
432,frail,5.051329480905226
433,repay,5.050565076503509
434,adorn,5.050345067839543
435,erupt,5.049988103958246
436,bread,5.049388197254142
437,bathe,5.049162259645517
438,pedal,5.049114372384417
439,plied,5.048681926375828
440,baron,5.048480283998562
441,thorn,5.048480265559334
442,gripe,5.048001140927794
443,amuse,5.04792752521396
444,flair,5.046899101679704
445,other,5.045676022044603
446,raven,5.043183177863906
447,sloth,5.041328728258914
448,pecan,5.039308334916519
449,hoard,5.039188149241967
450,bride,5.035890378414874
451,gamer,5.035785954542669
452,elite,5.035049167244322
453,ocean,5.034766141448201
454,shied,5.032746136106697
455,mealy,5.03267744774541
456,filer,5.03024589272845
457,easel,5.029607322403521
458,craft,5.029602256039463
459,stand,5.028978148859784
460,dirge,5.028792750128665
461,boule,5.028534397978329
462,trawl,5.02815498429511
463,eaten,5.028044772305473
464,grope,5.027993344518584
465,mouse,5.027936430206136
466,rivet,5.027483006365957
467,apron,5.027306198235416
468,retch,5.025892643436464
469,dairy,5.025246831033561
470,tuber,5.023321270399211
471,latte,5.022392370339103
472,snout,5.0220934332960585
473,towel,5.021068121682434
474,moist,5.020707430459046
475,story,5.020476920251044
476,blame,5.020466494531707
477,opine,5.019529293716565
478,creak,5.0193230298177145
479,shorn,5.01913730714179
480,matey,5.018216875224693
481,scorn,5.016957923772136
482,point,5.016857789807971
483,ideal,5.016658228083459
484,guise,5.016099048103767
485,plead,5.015928800604975
486,chant,5.015471423211726
487,spilt,5.014977588362114
488,noble,5.014825560704617
489,meaty,5.014618816840418
490,ashen,5.014165308469725
491,ounce,5.012944075009974
492,delay,5.01229098880944
493,waist,5.010281349710021
494,pesto,5.008242617928024
495,diary,5.008142349387335
496,tense,5.006986630095025
497,state,5.006692937331331
498,bluer,5.005130309971851
499,steer,5.004561646857491
500,party,5.003298313290697
501,terra,5.000995232437919
502,ankle,4.999440901650271
503,tardy,4.998206601938742
504,clout,4.997774070267373
505,grime,4.995220521125818
506,solid,4.994295158365382
507,scary,4.994053627344036
508,brake,4.993005863313627
509,shard,4.992970761926242
510,pilot,4.992318538913085
511,probe,4.991451669636325
512,taste,4.991169629954641
513,daunt,4.988595760712007
514,broil,4.987191964098044
515,hairy,4.985494211873322
516,twine,4.985071060791404
517,sugar,4.984668947079008
518,swine,4.9841746943871055
519,ascot,4.983825799596975
520,wiser,4.982367844696894
521,cigar,4.9817958125219235
522,scope,4.9815679889581705
523,serum,4.981068542930156
524,weary,4.979854911608112
525,clash,4.978794327950847
526,float,4.978257794469683
527,whale,4.977590528039901
528,finer,4.976347781040879
529,naive,4.975602634527776
530,nosey,4.9755420650028475
531,reuse,4.975115503857925
532,abuse,4.973006065805532
533,trait,4.972278698933759
534,choir,4.972162132328194
535,ranch,4.971241037430542
536,voter,4.970861554492921
537,posit,4.970634091269246
538,savor,4.969256719248682
539,frost,4.965646811235239
540,medal,4.965579788775582
541,octal,4.965303256091312
542,patio,4.964508885274912
543,faint,4.964255787226502
544,intro,4.9642524124872285
545,sneer,4.9637398454749135
546,organ,4.962874616963299
547,lower,4.962440803587387
548,solve,4.961120919584091
549,phone,4.9610849791084775
550,north,4.960115158085116
551,ovate,4.959894332492866
552,chest,4.959560023979121
553,count,4.9594791416761606
554,slang,4.959299573013241
555,shake,4.959245136070932
556,prude,4.955521944321776
557,torch,4.955294386467193
558,haunt,4.954619030967309
559,scree,4.954435231387509
560,clued,4.954344362415406
561,ridge,4.954155741330133
562,orbit,4.953902707984343
563,clasp,4.95365240118961
564,ample,4.9535692229324155
565,spied,4.953436305642084
566,rebut,4.952044405387176
567,entry,4.948452279868359
568,scour,4.947948921110386
569,melon,4.946600373913464
570,strip,4.9463481134820455
571,steel,4.945993134627033
572,cargo,4.94575329684585
573,glide,4.945075657771544
574,wrist,4.945014210351017
575,three,4.944655230260307
576,bagel,4.943591937047878
577,groin,4.942818412410385
578,crony,4.942340449611907
579,split,4.940094817929347
580,craze,4.939120360927146
581,irony,4.938573142842008
582,stark,4.937589813155557
583,mince,4.937396076949051
584,worst,4.936764843248035
585,front,4.9366498153767955
586,piano,4.935638882651726
587,board,4.935595364221099
588,stoke,4.935074417864288
589,peach,4.934818478981688
590,sharp,4.93463455015603
591,steak,4.9334399268003
592,grout,4.932901362547798
593,spoil,4.931599069517586
594,homer,4.9300853199046575
595,grave,4.92945682082212
596,basil,4.928584254193652
597,guest,4.9276723773654165
598,aloft,4.927066859336012
599,marsh,4.925993953646958
600,chute,4.925779904568288
601,coupe,4.925356532064618
602,tarot,4.9248071766149355
603,first,4.924730016046584
604,setup,4.9238333939129095
605,suave,4.923007441779102
606,mange,4.922965443348874
607,daily,4.922947585866107
608,baton,4.922849374318287
609,flirt,4.920479221044541
610,scaly,4.918850265230129
611,track,4.91818874816635
612,model,4.91811099059937
613,fried,4.917864324795287
614,uncle,4.91680655064602
615,adept,4.915997670562962
616,truly,4.9153010549406
617,deity,4.914950714654862
618,tonic,4.914574718527442
619,align,4.9142042853236365
620,acrid,4.914168808916279
621,flame,4.910622289743372
622,tramp,4.909051648914639
623,scald,4.908377196124576
624,arena,4.908161473438613
625,corny,4.907939115393801
626,lemur,4.907575693605977
627,sonic,4.906552543967686
628,scrap,4.9060681528373316
629,curio,4.905779209320825
630,braid,4.905735849647983
631,berth,4.904540534925591
632,lemon,4.904485212181504
633,token,4.902860808612274
634,sinew,4.902851380661727
635,sneak,4.902426080749612
636,upset,4.901914098085613
637,depot,4.901629819533669
638,navel,4.901000639598319
639,twice,4.900961367525617
640,scion,4.900764213605637
641,draft,4.900099642266265
642,minor,4.899903265826978
643,cower,4.899872431967776
644,daisy,4.899736633242737
645,chain,4.899190658436524
646,claim,4.898388385964292
647,grand,4.897134389282197
648,broad,4.896708803901291
649,plaid,4.896285026640463
650,lover,4.896049057875364
651,brave,4.8952714703459055
652,begat,4.8951451344646895
653,flute,4.893539302133334
654,abide,4.893066892447697
655,storm,4.892540634544767
656,latch,4.89167377056329
657,nasty,4.891009363312664
658,valor,4.889824104091976
659,there,4.889796004318162
660,mural,4.889680242389872
661,title,4.889248490711481
662,tango,4.886489600024551
663,rapid,4.885752942501869
664,spurt,4.884889311106564
665,spray,4.8845598196966975
666,antic,4.883805216652435
667,mayor,4.883014926663498
668,rhino,4.88291184297235
669,audit,4.881949892270161
670,sadly,4.881850150215117
671,croak,4.881540337574817
672,lodge,4.879699484726496
673,flora,4.879370551217678
674,inept,4.87926842296813
675,usage,4.878654428080045
676,adult,4.8785094907242
677,value,4.8784438526856775
678,abled,4.877838035390924
679,brash,4.8777855981312275
680,crisp,4.8776381581793675
681,oaken,4.876187199823356
682,mason,4.875990346282211
683,stoic,4.875738787470628
684,soapy,4.875153053623644
685,fecal,4.873609515259644
686,wager,4.873248696134689
687,gaunt,4.87314768580343
688,macro,4.872577807864917
689,spree,4.872193909718034
690,erect,4.871424961947653
691,greet,4.870830493439132
692,edict,4.870162185268251
693,skirt,4.869407943087623
694,fable,4.869010613547178
695,agree,4.868714980181436
696,foist,4.868142340425606
697,abode,4.867912754845027
698,liver,4.8676968406961905
699,ralph,4.866374845496329
700,along,4.8659004520502265
701,angst,4.865540415237296
702,grasp,4.865197954769872
703,shave,4.864788239612487
704,brand,4.8645562786093475
705,today,4.864171552411195
706,south,4.863615072490995
707,stony,4.863598814005594
708,dunce,4.862472221196774
709,amber,4.862385247753061
710,cagey,4.861156344776102
711,scout,4.859846801911747
712,scalp,4.859686567306904
713,crawl,4.859663553085887
714,glint,4.8583137487995804
715,tepid,4.8582529532030785
716,carat,4.858179673071338
717,under,4.858052464412961
718,amble,4.854837887662376
719,straw,4.854672060016856
720,stalk,4.854182714783428
721,verso,4.853045625727511
722,surly,4.850546597729601
723,poesy,4.850363387065588
724,aloud,4.850174744043733
725,shout,4.8496968838604255
726,third,4.847064538622751
727,chard,4.846713055214761
728,tiara,4.846424704216283
729,peace,4.846263914087882
730,tonga,4.846042806075351
731,cobra,4.845521861813149
732,lunge,4.845501861555451
733,piney,4.844322181291219
734,honey,4.841992122577338
735,beret,4.841069720892794
736,reply,4.840279269309592
737,adobe,4.839640451934493
738,noisy,4.839617973881333
739,scram,4.839395943524046
740,crier,4.839007061123735
741,altar,4.838487381841601
742,loose,4.838170911784331
743,chide,4.83753327733063
744,stove,4.836894004080297
745,unlit,4.836873767771713
746,randy,4.835064120032045
747,patsy,4.834843141908988
748,round,4.834628139576707
749,gaily,4.834056124920691
750,fault,4.833584907145263
751,cloth,4.833258101187578
752,tumor,4.833121624484976
753,racer,4.8324144330974805
754,weird,4.832344491756382
755,crank,4.831946040054395
756,rehab,4.831899671463703
757,drive,4.830811677307665
758,piety,4.830521068053351
759,palsy,4.83030256236607
760,basin,4.829620104621271
761,covet,4.828311227169588
762,moult,4.827598579318423
763,purge,4.826359061647359
764,maker,4.825970988015002
765,deter,4.825418182504495
766,wrath,4.825350247157057
767,parer,4.824934487384542
768,sheer,4.824797545928791
769,saucy,4.824621190299319
770,eagle,4.824291015843132
771,image,4.822541222911323
772,forge,4.821693907600486
773,halve,4.821534103180585
774,liken,4.821467297350481
775,cover,4.820508771148654
776,burst,4.820458680589221
777,start,4.820028137797669
778,perch,4.819770225501092
779,tract,4.819157591805175
780,chaos,4.8189292155079375
781,erode,4.818343580518923
782,wheat,4.815670630515363
783,guilt,4.8142349877623145
784,sheet,4.814165864601636
785,lurid,4.813842883642291
786,drove,4.813824804278153
787,slurp,4.813275432729319
788,truer,4.812789695716578
789,enter,4.81053398951275
790,gleam,4.809990720828729
791,leafy,4.809098638100389
792,grunt,4.808673778822647
793,toast,4.808627074513133
794,debit,4.807856614276975
795,overt,4.8075857418964105
796,lumen,4.807490221364795
797,grief,4.807317571532396
798,owner,4.8072347508141835
799,clove,4.807230795716043
800,voice,4.806762479815798
801,olive,4.806341127231876
802,felon,4.805816016670897
803,chafe,4.805135274416012
804,robin,4.804868420534513
805,blurt,4.804580106622441
806,viral,4.804423160915683
807,caput,4.80407770902685
808,shrew,4.803695697057708
809,threw,4.802343904395903
810,graft,4.8005109619063955
811,screw,4.800311703271859
812,cleft,4.799949754091905
813,fruit,4.799818864851892
814,twirl,4.799604302312902
815,baker,4.798637438520867
816,prove,4.797920031043012
817,clerk,4.797277892015263
818,golem,4.796487210590406
819,amend,4.795430041498066
820,while,4.794578189587553
821,beach,4.794573321307974
822,raspy,4.793676018545371
823,rabid,4.792088495074913
824,donut,4.791691446726788
825,clang,4.791460956480704
826,riser,4.791275002939612
827,niche,4.791144351990204
828,until,4.790428877296694
829,fairy,4.789586722345378
830,swirl,4.789313117469421
831,brunt,4.787759505482213
832,corer,4.787376988262809
833,preen,4.787090795533918
834,sandy,4.7860052139581795
835,eager,4.784314961289656
836,dirty,4.783863469181973
837,unmet,4.782639706024831
838,money,4.7823419760951955
839,decay,4.7819403491535715
840,thief,4.780366881138987
841,globe,4.779189264943459
842,media,4.778878172627762
843,spout,4.778715637404531
844,broke,4.778217265944622
845,inlay,4.777161247217893
846,aunty,4.776120156225899
847,white,4.774703947942768
848,asset,4.774678159801069
849,break,4.774534769567312
850,shunt,4.774310318039284
851,built,4.774270456214081
852,pansy,4.77420339004997
853,knelt,4.772506845346583
854,infer,4.7707006024322345
855,aorta,4.770696974180697
856,broth,4.770547182461384
857,whole,4.770259187689507
858,stank,4.76986216392514
859,sperm,4.768356039153664
860,loamy,4.768314594545007
861,yield,4.767768608489965
862,gland,4.767422299565595
863,cheap,4.767360432143134
864,bilge,4.766141878198428
865,fresh,4.766097639856491
866,tubal,4.765785245939387
867,leaky,4.7653059626395144
868,hinge,4.765166398351612
869,biome,4.7643372648311555
870,mourn,4.763729322804213
871,wider,4.763168436911058
872,lousy,4.762733458962726
873,brief,4.762058832028854
874,burnt,4.7610531364181545
875,power,4.76102124682835
876,retro,4.760954244312928
877,wince,4.760933744377807
878,nerdy,4.760672370860426
879,ester,4.76058105398322
880,china,4.7605231350501915
881,taint,4.760028226149697
882,deign,4.759889455031291
883,chime,4.7595749065143655
884,habit,4.759495360894775
885,pasty,4.759037498480876
886,cabin,4.757603127762936
887,stork,4.757363514521144
888,foyer,4.757021159452118
889,surer,4.756915618179273
890,sound,4.756868480324506
891,boney,4.755547772739002
892,usher,4.754500588771193
893,exalt,4.754076358154136
894,pinto,4.752032456321285
895,relax,4.751828731207159
896,warty,4.749917734133782
897,fibre,4.748522171906968
898,slack,4.748471263323966
899,poker,4.748073942338477
900,panic,4.7474335109688575
901,rival,4.746360846110685
902,horny,4.743911479029883
903,sleep,4.74338857355012
904,sling,4.743368011275237
905,shark,4.743157071651471
906,novel,4.74279105251738
907,whose,4.741741849294149
908,puree,4.741651261240794
909,drawl,4.7413417095286
910,ladle,4.741201397782546
911,march,4.739353166653366
912,modal,4.739225245819866
913,heady,4.738957063152322
914,final,4.738581116820083
915,flake,4.738471848713278
916,drank,4.73823629053339
917,croup,4.738007191127668
918,foray,4.737085929495529
919,urban,4.7365656405050025
920,mercy,4.735620110334734
921,hyena,4.734753034067427
922,guard,4.734455301125625
923,mount,4.734090586842054
924,these,4.733901050330288
925,adopt,4.733874921902868
926,meter,4.73355394416554
927,genre,4.732625167263577
928,began,4.731811814472718
929,decry,4.730826018301887
930,often,4.729841051754472
931,mirth,4.729716488699997
932,glory,4.729057327262324
933,fiery,4.728232732318402
934,login,4.726668638796875
935,repel,4.726370077025484
936,flint,4.726028138421928
937,roost,4.72583272666037
938,hasty,4.725745094790156
939,dowel,4.725701801119354
940,aptly,4.725228020259087
941,scarf,4.72490558621487
942,gavel,4.723971173942837
943,rusty,4.723619933613034
944,demur,4.722415259739432
945,drier,4.7207207630815
946,prank,4.7201930951403055
947,cramp,4.72005830589064
948,faith,4.719265193478206
949,scold,4.719245041490824
950,creed,4.718836638382198
951,sworn,4.718690293974532
952,charm,4.718593356223195
953,inane,4.718245157054302
954,wafer,4.717671757241979
955,spend,4.71720946127424
956,plume,4.717103752343866
957,guide,4.716240731076606
958,bland,4.716057587354257
959,girth,4.716000849297703
960,spike,4.715474144740368
961,trick,4.715131987554565
962,niece,4.715021062324874
963,cloak,4.714669078318442
964,rebus,4.7142930360886774
965,dense,4.7114891117941795
966,tulip,4.7111309795742775
967,crush,4.710621432008569
968,shaft,4.71022955070135
969,troll,4.709951015961598
970,flyer,4.709191042895973
971,elect,4.708906467321218
972,grove,4.7088585121655
973,vault,4.707285018675423
974,elide,4.706498583182601
975,crepe,4.70587593534613
976,spurn,4.704746869411601
977,could,4.704455185192089
978,azure,4.7038297689185145
979,curve,4.703754405287364
980,tangy,4.703552894010662
981,scene,4.701976504383729
982,ombre,4.701762534311495
983,graze,4.701618564969324
984,salvo,4.700089279837197
985,gonad,4.698102901280426
986,noose,4.696969338060047
987,rearm,4.696770576406499
988,leper,4.696723834672317
989,vital,4.696124671237634
990,whine,4.6956243151791695
991,dicey,4.6953349070231996
992,drift,4.693073544021081
993,manly,4.692877458426692
994,haven,4.692157463993924
995,badge,4.6913240971480805
996,drawn,4.689921988754061
997,bacon,4.689526088205484
998,green,4.688345250359947
999,elfin,4.687962171031592
1000,allot,4.687201733072352
1001,sheen,4.687166548116364
1002,clank,4.68499518773642
1003,about,4.684918192912737
1004,otter,4.684755104808516
1005,birth,4.6842715858910005
1006,freak,4.683023153280766
1007,gnome,4.680925564031444
1008,denim,4.679211233743148
1009,total,4.678719771153869
1010,prism,4.6783705929400385
1011,demon,4.677981990077093
1012,elder,4.676995314045216
1013,chord,4.676256788116675
1014,diver,4.676226731255732
1015,froth,4.675939864713268
1016,hover,4.675809500324335
1017,mower,4.675722473548613
1018,amity,4.67544996955591
1019,curly,4.674818868217187
1020,tunic,4.67463804884303
1021,flour,4.674513223529286
1022,tulle,4.6726520151770945
1023,spark,4.672202400801373
1024,siege,4.672199940674475
1025,spoke,4.671373568184917
1026,hotly,4.671106244273758
1027,coven,4.670657364015621
1028,speak,4.6702983696697435
1029,micro,4.670008400629734
1030,proud,4.669913376297918
1031,blend,4.668200563958465
1032,algae,4.667756193773801
1033,ethos,4.666857996438127
1034,ovine,4.66680010486495
1035,patch,4.665799370297112
1036,aware,4.664228077924302
1037,leery,4.663701500970956
1038,angry,4.663213818800277
1039,creep,4.663186006182417
1040,elope,4.663091302177676
1041,girly,4.661463079422239
1042,dwelt,4.660397039070919
1043,vicar,4.65963485978346
1044,slink,4.659376302264926
1045,gnash,4.658996422605743
1046,topic,4.6585008291190055
1047,grind,4.658038912175861
1048,cloud,4.6576041160706785
1049,binge,4.657029172041077
1050,shove,4.656655396145317
1051,slimy,4.655607509344954
1052,stall,4.6555366152388356
1053,field,4.655256274864563
1054,agate,4.654872514107811
1055,prawn,4.653871014755535
1056,shiny,4.653302477150124
1057,neigh,4.653281447521416
1058,flash,4.653241461065553
1059,fiber,4.653025973104916
1060,beady,4.65269403661987
1061,visor,4.652564412157262
1062,voila,4.652133668923205
1063,manic,4.651981047192722
1064,buyer,4.651884773543144
1065,wreak,4.649202846569731
1066,torso,4.648804034729577
1067,tempo,4.648600772708662
1068,hardy,4.648467022478723
1069,incur,4.647655039320098
1070,rupee,4.645983951792369
1071,focal,4.645655362111331
1072,touch,4.645586872145403
1073,lapel,4.6452398432294695
1074,creme,4.644977867883621
1075,impel,4.644696036444011
1076,turbo,4.643616354894203
1077,porch,4.642915251038972
1078,fetid,4.641828163204639
1079,ghost,4.641434644651869
1080,briny,4.640729437232121
1081,bloke,4.639542382595715
1082,cavil,4.639335651884346
1083,primo,4.6386664143453125
1084,apart,4.63849399349936
1085,dopey,4.6384332407584195
1086,belie,4.6383208139089
1087,wield,4.638261432909597
1088,forth,4.637602747779097
1089,cyber,4.6373207509482715
1090,egret,4.6359152973707705
1091,locus,4.635696322855254
1092,swath,4.635667628032585
1093,rebel,4.633915721705133
1094,bison,4.63358143750754
1095,abate,4.633526331238895
1096,graph,4.633137750328916
1097,flesh,4.630925698540974
1098,tipsy,4.6302458270909135
1099,betel,4.630078504185663
1100,steed,4.628656860953801
1101,cheer,4.628135432736584
1102,churn,4.627822516633665
1103,stack,4.627432458814286
1104,sting,4.627318920261194
1105,alley,4.627102153159797
1106,midst,4.623193265952815
1107,crypt,4.6225948363857325
1108,flout,4.622239767455749
1109,stamp,4.622200944828827
1110,ruler,4.621811539458158
1111,blunt,4.621624333577193
1112,vaunt,4.620796306285474
1113,beset,4.620243533456586
1114,liege,4.620197649398685
1115,harpy,4.619672430501355
1116,hovel,4.619436146555151
1117,shawl,4.617474464001047
1118,throb,4.617260055539775
1119,smith,4.617175650376104
1120,viper,4.61612370459779
1121,fraud,4.615027891694485
1122,admit,4.613955276679337
1123,right,4.613826621609039
1124,payee,4.613726801535197
1125,eight,4.613044624571535
1126,piece,4.612417015450009
1127,prong,4.612234615789255
1128,shelf,4.611617225043468
1129,vapor,4.6114337864065655
1130,lyric,4.610424085951026
1131,smoke,4.609639313939111
1132,lurch,4.609326778924713
1133,viola,4.608191831440282
1134,welsh,4.6073362291493245
1135,genie,4.605627180361946
1136,candy,4.6049756072415295
1137,waver,4.6036437110952
1138,trunk,4.603574445881447
1139,forty,4.603442307073391
1140,lusty,4.603351140208733
1141,paper,4.6028962838316065
1142,basic,4.602855092612152
1143,rhyme,4.602070893409026
1144,mover,4.601459791394576
1145,atoll,4.6013230670290435
1146,notch,4.60109444546592
1147,dread,4.600823530887655
1148,rebar,4.6005846281687175
1149,debut,4.600099325415016
1150,abhor,4.599238901942985
1151,widen,4.59911720070046
1152,crown,4.598495836597
1153,prize,4.5982020908398775
1154,waive,4.597044885284517
1155,bleak,4.596920726561566
1156,ingot,4.5966913354807515
1157,sheik,4.596609066439921
1158,masse,4.595726374628599
1159,fleet,4.595615086147133
1160,gourd,4.595322490670833
1161,linen,4.5950562912378645
1162,bugle,4.594961335899431
1163,leave,4.594842316082339
1164,swept,4.594647060820149
1165,disco,4.59418028963489
1166,shady,4.594003543213584
1167,thank,4.593004574081407
1168,worth,4.592315740681969
1169,brawl,4.591608199618369
1170,steep,4.5897607943472245
1171,audio,4.589641536467359
1172,sprig,4.587372292491645
1173,abase,4.58731154750484
1174,snack,4.5848310000721
1175,glove,4.5846248771070925
1176,chirp,4.584494104853565
1177,hyper,4.584161830166429
1178,agony,4.583921375522279
1179,bowel,4.58368956217946
1180,maybe,4.5832722100846075
1181,dried,4.583039208798738
1182,swarm,4.5825699418231
1183,semen,4.58220222320228
1184,giver,4.581908410745011
1185,shank,4.581501383631497
1186,natal,4.580871173105806
1187,lingo,4.579860827545754
1188,glaze,4.579077118120862
1189,frond,4.5787498813887915
1190,decoy,4.5786010052287445
1191,nomad,4.577391971508976
1192,world,4.5765033056006965
1193,caulk,4.575914656788536
1194,trout,4.575700383870484
1195,match,4.575457513882424
1196,plank,4.571787478380912
1197,chief,4.571186410690339
1198,rider,4.569593780521109
1199,fetus,4.5694378188339275
1200,spiny,4.568481057425475
1201,clamp,4.5678626007850465
1202,bulge,4.567614716020991
1203,befit,4.567296898629092
1204,knead,4.5657401914379285
1205,tawny,4.565372910542829
1206,unity,4.565339503354373
1207,depth,4.564622934699413
1208,titan,4.563958700964145
1209,psalm,4.563773500025873
1210,sewer,4.563029766906441
1211,evict,4.5626779917268045
1212,laugh,4.5623797421980825
1213,slick,4.562201081528226
1214,serve,4.561625325042645
1215,anvil,4.561448761326418
1216,month,4.56016633830428
1217,choke,4.559754698966321
1218,cling,4.5596096740466585
1219,rodeo,4.5595811193552045
1220,fiend,4.5595386172263925
1221,extra,4.555992564233719
1222,stink,4.551522966776873
1223,bused,4.5514941538933265
1224,child,4.551056048746076
1225,thyme,4.550683444595731
1226,being,4.550617719362337
1227,devil,4.5504247830751305
1228,sight,4.5503615059679525
1229,sumac,4.549083327262171
1230,synod,4.548884060690684
1231,chasm,4.548437889172228
1232,canal,4.548127359761333
1233,maize,4.547573559669081
1234,lefty,4.547276247630805
1235,movie,4.5470751292303895
1236,verse,4.5467026892858
1237,stilt,4.546590753853539
1238,tacit,4.5458875374473395
1239,ardor,4.545277788702841
1240,exact,4.54498442886158
1241,shirk,4.544810555790149
1242,hazel,4.544745636667627
1243,suing,4.5439898593145065
1244,label,4.543523865578547
1245,gazer,4.543101684337309
1246,crass,4.542560450641323
1247,begin,4.541807337021199
1248,bicep,4.541043587847922
1249,epoch,4.540846991839648
1250,rough,4.539254472934859
1251,sword,4.536372351561167
1252,taunt,4.5361356565620286
1253,rerun,4.535145904920418
1254,ethic,4.534826267916076
1255,awoke,4.534056402762026
1256,utter,4.533868088089114
1257,ether,4.533243797063676
1258,mauve,4.533132270194652
1259,riper,4.5327645035076465
1260,vista,4.5324759967288655
1261,vocal,4.532294956047875
1262,slung,4.531985022828196
1263,sweet,4.531335557894777
1264,pence,4.531145080490652
1265,rural,4.531048110675718
1266,belch,4.5308487707492535
1267,brawn,4.529886373773979
1268,prowl,4.529205343141155
1269,batch,4.529176039750309
1270,ensue,4.529027319265371
1271,blaze,4.527922541725808
1272,quiet,4.527553544112821
1273,blond,4.527142123134823
1274,heath,4.5268097082574
1275,derby,4.525570326591913
1276,order,4.525254531721519
1277,trust,4.523361034576179
1278,afoul,4.522819980246331
1279,savoy,4.522266154931447
1280,logic,4.521736005054107
1281,yacht,4.521349500916602
1282,gusto,4.521029083494124
1283,gamut,4.521021628010765
1284,humor,4.519259415651978
1285,sleek,4.5188559461033995
1286,women,4.517671028619695
1287,nasal,4.517514659884278
1288,exist,4.5173045360742305
1289,crimp,4.5167986387151675
1290,feign,4.516596953662633
1291,inner,4.516541467221047
1292,group,4.516396261021038
1293,pouty,4.515827952300905
1294,snaky,4.515751794527986
1295,shift,4.515051163900951
1296,quart,4.514642864211024
1297,drink,4.514624749571152
1298,whirl,4.511335516228544
1299,datum,4.511009679592515
1300,duvet,4.510044758198402
1301,retry,4.5089927024544165
1302,moose,4.508011451714127
1303,midge,4.508008266802109
1304,cress,4.507217933374795
1305,greed,4.507047101036868
1306,truck,4.5058939230307695
1307,vegan,4.505295569642712
1308,spank,4.504596936989301
1309,throw,4.503845787507816
1310,frank,4.502754902178878
1311,elude,4.500435174303587
1312,doing,4.500218957976421
1313,nudge,4.500194688032448
1314,roger,4.499440572571778
1315,above,4.498452314053201
1316,hence,4.496500756632776
1317,thong,4.496244412400382
1318,briar,4.495976883862171
1319,tithe,4.495603283644605
1320,salad,4.494060622757667
1321,vague,4.494036727586729
1322,ratty,4.493725210803511
1323,ebony,4.4932454748155335
1324,brush,4.490146061783758
1325,blind,4.48883555720976
1326,goose,4.4888209403330235
1327,ovary,4.487472720548762
1328,color,4.4869683540111405
1329,plush,4.486652835450405
1330,drown,4.485679446161514
1331,apple,4.485313228726787
1332,flume,4.4839830815607105
1333,valid,4.483596034567341
1334,guild,4.4834339100581815
1335,lucid,4.483417796923019
1336,sigma,4.48228493151103
1337,trump,4.481992900212902
1338,bigot,4.481548318536143
1339,spicy,4.4810576023025375
1340,apnea,4.480930645516561
1341,stool,4.480040518532773
1342,madly,4.479559321235844
1343,syrup,4.478108994873792
1344,omega,4.477927776516651
1345,joist,4.477563342579684
1346,theta,4.4770876300379046
1347,mango,4.477047367961659
1348,cello,4.4764943773182
1349,femur,4.476196193428481
1350,aping,4.476050391594438
1351,light,4.47568996413319
1352,quite,4.4748240133427455
1353,mouth,4.47465152172908
1354,tutor,4.474399646333736
1355,segue,4.4742399630899
1356,still,4.474099820097272
1357,posse,4.4728257831843115
1358,medic,4.472741628005912
1359,sever,4.472387189380798
1360,bravo,4.47135603899344
1361,legal,4.470662168572861
1362,minty,4.470092938417647
1363,deuce,4.469593467823638
1364,shall,4.4672822625356226
1365,alarm,4.467208006366929
1366,tough,4.466005929465901
1367,lasso,4.464674527194703
1368,breed,4.46382584044089
1369,birch,4.463629338711584
1370,prior,4.463446904932242
1371,clink,4.462447096511126
1372,tweak,4.4624031397628245
1373,lanky,4.462394269025669
1374,bench,4.461756016059357
1375,video,4.459019695373068
1376,pound,4.458618893540014
1377,sauna,4.458156689951236
1378,armor,4.457741410673866
1379,quote,4.457301893850298
1380,hound,4.456658563510178
1381,chalk,4.455941191619372
1382,input,4.455241611455165
1383,thrum,4.455225767905478
1384,badly,4.45507959826631
1385,slunk,4.454196621331946
1386,scrum,4.453934346988816
1387,shell,4.451717025904138
1388,octet,4.451037907762199
1389,bring,4.450276783635104
1390,handy,4.449750036504847
1391,admin,4.44895251976473
1392,optic,4.448562618578923
1393,growl,4.448537908823137
1394,stint,4.448437771623665
1395,clown,4.447607044226231
1396,youth,4.447196376991661
1397,shrug,4.447139544991786
1398,eying,4.445759952860184
1399,purer,4.4447764678562605
1400,thing,4.443950334413327
1401,totem,4.443144173204605
1402,gorge,4.442798022522299
1403,polka,4.442133753385903
1404,merge,4.441606327925788
1405,spawn,4.441264792445017
1406,ditch,4.44099857883634
1407,blank,4.4401826882760345
1408,pitch,4.439588120332594
1409,carry,4.437576177175845
1410,doubt,4.437388334120077
1411,creek,4.435235546146021
1412,renew,4.434664059701641
1413,scowl,4.434260404322385
1414,zonal,4.433979081886344
1415,knave,4.433021969579493
1416,scamp,4.431960243098527
1417,crowd,4.431316657938964
1418,stock,4.430536427378523
1419,stick,4.430491904245425
1420,favor,4.429873566552453
1421,sorry,4.427900155012749
1422,brisk,4.4273699776051
1423,build,4.426846659769237
1424,ghoul,4.426551473442408
1425,lunch,4.42652845952013
1426,fetch,4.424989746411344
1427,droll,4.424630805637482
1428,stomp,4.424164761836741
1429,among,4.42350248245316
1430,covey,4.422803125102132
1431,burly,4.421741808927581
1432,drool,4.42097301527289
1433,bonus,4.420429764276451
1434,morph,4.419004657430005
1435,class,4.418748256096012
1436,filth,4.418353689438176
1437,given,4.417523242235952
1438,etude,4.417243082313807
1439,perky,4.417098714792984
1440,smirk,4.416841044580566
1441,leech,4.416284904371503
1442,local,4.415035869921315
1443,rally,4.414326362866869
1444,below,4.413397750186547
1445,sheep,4.412108296589241
1446,welch,4.412026180480332
1447,sally,4.411987935596435
1448,heavy,4.411780961284118
1449,stung,4.411111773382216
1450,arbor,4.410847453980165
1451,diode,4.410510536683241
1452,tying,4.409568385039366
1453,piper,4.408889695479145
1454,tally,4.407086867600935
1455,drill,4.407029688849959
1456,cache,4.405608237867384
1457,watch,4.404432664262814
1458,revel,4.40208927644863
1459,joint,4.401706697473768
1460,bribe,4.401166885003572
1461,troop,4.400710911601975
1462,recur,4.400283892678239
1463,silky,4.399393486568455
1464,friar,4.398154141974227
1465,sieve,4.397686266803573
1466,minus,4.397457179334794
1467,prick,4.3966596713580675
1468,strut,4.396336710330591
1469,dress,4.396210601017435
1470,flask,4.392756419565347
1471,tenth,4.3924065023375585
1472,obese,4.391926858005915
1473,lofty,4.391618978739962
1474,harsh,4.390473340350987
1475,slash,4.389694576842886
1476,wagon,4.389670266016543
1477,newly,4.389590307496962
1478,twang,4.388373776066344
1479,shack,4.3874653139721795
1480,fancy,4.386885386985736
1481,grimy,4.384647700975506
1482,human,4.383927717225622
1483,cumin,4.3837580517508306
1484,press,4.38339296121344
1485,phony,4.381046587842299
1486,pixel,4.38079899372777
1487,nobly,4.38078710563291
1488,ruder,4.379485227162557
1489,theme,4.3790183254538375
1490,spell,4.378070330032621
1491,mound,4.377245749978934
1492,think,4.377005202324839
1493,circa,4.374970523335559
1494,extol,4.373693470050177
1495,brink,4.372261257175226
1496,pivot,4.370917522032353
1497,canon,4.37051800087066
1498,speed,4.37002798039381
1499,lever,4.369763910488818
1500,macho,4.367364306669828
1501,woman,4.366896208553091
1502,aroma,4.366216135769449
1503,tacky,4.364603471670075
1504,wrong,4.364362132878128
1505,reedy,4.363531385718657
1506,quest,4.363057195889897
1507,blush,4.362678874441845
1508,study,4.36122569716204
1509,libel,4.361186437782711
1510,freed,4.360397423245172
1511,grown,4.359949369884766
1512,dingo,4.3594166775823515
1513,pinch,4.358997794365324
1514,risky,4.356107377711852
1515,dusty,4.356031165742899
1516,wooer,4.355544550257117
1517,shaky,4.354180956323061
1518,shrub,4.353364352189419
1519,lorry,4.3530248689210085
1520,nerve,4.3528014946078795
1521,adage,4.351315460773558
1522,botch,4.351300272010319
1523,godly,4.350536608800071
1524,hymen,4.350494734183085
1525,newer,4.35039608811409
1526,wrack,4.3496389107573945
1527,wench,4.349328878404139
1528,scrub,4.349134630058767
1529,clung,4.348708211287813
1530,vowel,4.348039952039379
1531,lying,4.347537771150924
1532,knife,4.347419774174643
1533,vigor,4.347258294907923
1534,donor,4.347136127900584
1535,ledge,4.346720174056514
1536,shoot,4.346148063505176
1537,stunk,4.345556536979889
1538,bleed,4.342488894378725
1539,gravy,4.3421262199813535
1540,slump,4.341865245244284
1541,squat,4.341602114201407
1542,cross,4.341138932013139
1543,magic,4.3410396955285755
1544,tryst,4.3404744079157815
1545,motif,4.339826560616821
1546,froze,4.33920030633756
1547,virus,4.337460211521244
1548,jaunt,4.337200149852111
1549,sooth,4.33563222210395
1550,shown,4.335444281427501
1551,juice,4.335290614183856
1552,fluke,4.334458170757293
1553,bound,4.3338010986279025
1554,night,4.333051518630902
1555,pouch,4.3321765961486545
1556,tenet,4.33193812823053
1557,avoid,4.330768528121765
1558,flank,4.330286329244693
1559,tasty,4.32942711277796
1560,boxer,4.328511488040025
1561,ahead,4.328310835113599
1562,vogue,4.327755978743146
1563,hydro,4.3273798445250895
1564,brown,4.327141206758346
1565,frisk,4.326343255464178
1566,where,4.326168796730163
1567,gauze,4.325973065387847
1568,begun,4.3259468834359485
1569,balmy,4.325817229975022
1570,hello,4.325344112866431
1571,grass,4.324690865748929
1572,wring,4.324397522921921
1573,mogul,4.3225191237064235
1574,motor,4.322089911516692
1575,seven,4.321965698739312
1576,small,4.3217303939322775
1577,testy,4.321666971788338
1578,dozen,4.321630017376298
1579,kneel,4.321259028764578
1580,imbue,4.320215090956214
1581,swami,4.319890447961948
1582,exult,4.319832215736541
1583,beget,4.3186103435423275
1584,truss,4.318364032638779
1585,heave,4.317774216987315
1586,snowy,4.316965000532441
1587,woken,4.31601401782321
1588,black,4.315485404760926
1589,honor,4.315412385671187
1590,mocha,4.315176571722262
1591,speck,4.315158361033329
1592,scuba,4.315010530518094
1593,toxin,4.314183041359494
1594,drunk,4.313633148276136
1595,fence,4.313371145967162
1596,seedy,4.312831731506832
1597,smell,4.31161285774743
1598,stout,4.310130950106326
1599,crazy,4.309510291204864
1600,pasta,4.309001760730163
1601,unfit,4.308715724172053
1602,loyal,4.308714316498616
1603,zebra,4.308550368762963
1604,sooty,4.307301462556847
1605,vomit,4.306153179251838
1606,bayou,4.305385466437101
1607,alloy,4.304825516694748
1608,crump,4.304345642833638
1609,dryer,4.304245865888268
1610,grill,4.3041375118044725
1611,aphid,4.303931987236969
1612,parry,4.302616802484519
1613,rower,4.302172840413968
1614,amply,4.301576954167263
1615,axion,4.301521763211112
1616,venom,4.301093425211994
1617,smack,4.300088177074196
1618,enema,4.2996286033250115
1619,agape,4.299532176819201
1620,mangy,4.298166834184884
1621,would,4.297506083269957
1622,weigh,4.296422354871986
1623,major,4.295486769720614
1624,wreck,4.294857365372537
1625,ivory,4.293438966065405
1626,gaudy,4.292239814849865
1627,dimly,4.2921639611209725
1628,pithy,4.289683484278117
1629,gauge,4.289677758973962
1630,askew,4.289285217819986
1631,foamy,4.28817159398488
1632,eerie,4.287906393509242
1633,equal,4.28611826949581
1634,defer,4.285652749050575
1635,musty,4.28467563929764
1636,album,4.283599230737364
1637,bleep,4.282624215891541
1638,lilac,4.282334962769362
1639,banal,4.28170969056453
1640,moldy,4.281450452690298
1641,music,4.281323183363281
1642,gusty,4.280264566372467
1643,brass,4.279706380662921
1644,elbow,4.279427522156553
1645,unfed,4.27763035728074
1646,colon,4.277347756095618
1647,robot,4.274200316103131
1648,budge,4.27175060519364
1649,never,4.269956342941901
1650,brick,4.269362897525828
1651,radii,4.267936609969912
1652,hefty,4.267378776695006
1653,basal,4.266956681190194
1654,woven,4.266791116425515
1655,harry,4.265045657148095
1656,cough,4.263781479909884
1657,rumba,4.262621936718955
1658,whelp,4.262594275307277
1659,wordy,4.262310677849205
1660,dowry,4.26218629451664
1661,await,4.2620928473289155
1662,detox,4.2602846097574485
1663,agora,4.259916887055144
1664,seize,4.259718821337431
1665,forum,4.259092910367642
1666,fluid,4.258501682526822
1667,endow,4.2568472536562805
1668,flush,4.255234529022792
1669,joust,4.254500355866504
1670,dutch,4.254428524775044
1671,bible,4.252308241789375
1672,stash,4.252148738769821
1673,fella,4.251644271137867
1674,ought,4.251105214052932
1675,revue,4.250101504061496
1676,catty,4.2495576249397935
1677,rigor,4.249328261928362
1678,quail,4.2480489800865895
1679,rocky,4.247132671910082
1680,swift,4.246918397866241
1681,cacti,4.24563268216316
1682,champ,4.242601683218012
1683,lynch,4.2423574816313225
1684,fatal,4.240660022551077
1685,borax,4.239342744188225
1686,helix,4.239269210392373
1687,arrow,4.2386872587469036
1688,quilt,4.238114536002052
1689,climb,4.237396949510717
1690,sloop,4.237157451820584
1691,unwed,4.236748233684965
1692,aglow,4.235865185925651
1693,frown,4.235085413873095
1694,truth,4.2350459218037395
1695,dogma,4.233233742388802
1696,iliac,4.233183139674666
1697,butte,4.231626560290863
1698,found,4.230617259159848
1699,stunt,4.229850411324186
1700,rover,4.227158097782242
1701,dross,4.2265404237422635
1702,gipsy,4.226307960686449
1703,odder,4.225824834898751
1704,using,4.225466200207594
1705,oxide,4.225143143501624
1706,rarer,4.22460628198379
1707,blink,4.224257979489285
1708,stuck,4.224197551355539
1709,privy,4.223088857350158
1710,issue,4.222623389372326
1711,boost,4.221612221069573
1712,attic,4.2212881647841085
1713,taboo,4.219174500943426
1714,limbo,4.216987927486889
1715,glass,4.216637299622207
1716,marry,4.21597763996931
1717,spool,4.215289305370247
1718,spill,4.21423129831845
1719,silly,4.213960359454629
1720,bingo,4.2117801440924465
1721,empty,4.210565935827628
1722,thick,4.21029149132529
1723,merry,4.209905657534572
1724,stump,4.208374175440191
1725,flack,4.206103775601968
1726,sense,4.2052112049678785
1727,waxen,4.204272218800679
1728,river,4.2040723234394255
1729,topaz,4.20370084195785
1730,havoc,4.202388034151908
1731,young,4.201796507478648
1732,umbra,4.200444261814863
1733,slosh,4.199708137703769
1734,wound,4.199680032244612
1735,mania,4.199579381645024
1736,drama,4.199141123920151
1737,shock,4.199001600761624
1738,wharf,4.197506065988732
1739,sulky,4.196513128283794
1740,wheel,4.193628314804247
1741,cabal,4.1925592092754345
1742,evade,4.1920091241721975
1743,fling,4.191491430404671
1744,fixer,4.1899761318210205
1745,flail,4.189645020220467
1746,pesky,4.188911958029071
1747,eking,4.188159405544276
1748,again,4.186997086689417
1749,annul,4.186481633475691
1750,frock,4.185741581197986
1751,envoy,4.185527327965316
1752,moron,4.184577438582977
1753,essay,4.18338705144482
1754,mulch,4.183282161022936
1755,snuck,4.182250158698193
1756,punch,4.181898359684664
1757,dwarf,4.1803713226338175
1758,rowdy,4.177328072350112
1759,tweed,4.177309187422195
1760,dough,4.175261518655045
1761,witch,4.174210565582511
1762,stood,4.172279330463869
1763,gecko,4.172200341861296
1764,gulch,4.171150503615195
1765,blown,4.170525954230042
1766,fudge,4.1699409883121055
1767,crumb,4.168897253554618
1768,gooey,4.168516324623645
1769,coach,4.167334950809309
1770,swell,4.167298978028248
1771,berry,4.164364592700688
1772,koala,4.164265690741046
1773,focus,4.162289787149455
1774,dingy,4.16228531416224
1775,valve,4.161567712598423
1776,might,4.161095618545222
1777,fleck,4.158876157866427
1778,vapid,4.156894227779046
1779,verge,4.156545216586409
1780,frill,4.156442205493156
1781,swing,4.156100263447649
1782,floor,4.15305237504371
1783,cycle,4.152642023740359
1784,zesty,4.150197856662844
1785,quota,4.149333098821333
1786,showy,4.149231535286905
1787,clump,4.149074210620964
1788,opium,4.148116787125342
1789,elegy,4.142517677306174
1790,plunk,4.14103318481827
1791,swamp,4.140462585425655
1792,bless,4.136844153747777
1793,afoot,4.132549743238805
1794,adapt,4.130421133821693
1795,vinyl,4.128575578348398
1796,itchy,4.128006355717145
1797,canny,4.126215928273783
1798,delve,4.126208275490964
1799,finch,4.125831733477403
1800,gross,4.125326115208114
1801,ditto,4.125310077013596
1802,block,4.124857512309571
1803,edify,4.123823225887334
1804,venue,4.119202282234129
1805,patty,4.118597268536947
1806,needy,4.1184946404982945
1807,sweep,4.11679332199534
1808,butch,4.115877686584282
1809,gouge,4.114973694911659
1810,wrung,4.114445006622268
1811,stoop,4.112484532034061
1812,catch,4.111948328361539
1813,dying,4.110809857976407
1814,sixth,4.108875948594558
1815,flaky,4.108655091808246
1816,debug,4.108076483508176
1817,width,4.107863003632826
1818,joker,4.10749903619496
1819,annoy,4.105666970726104
1820,dally,4.105188734142817
1821,event,4.103260060066186
1822,pique,4.103040948804398
1823,petty,4.102407621466968
1824,smock,4.1022910950177724
1825,spoon,4.1008227464006755
1826,winch,4.100160245816328
1827,exile,4.099091586078079
1828,munch,4.098920136218292
1829,toxic,4.0984703161513405
1830,mecca,4.098245875330084
1831,droop,4.097948851767802
1832,conic,4.097462689727719
1833,ficus,4.096937122314429
1834,ember,4.096868451642607
1835,chill,4.094649849908847
1836,sixty,4.093391338340273
1837,aloof,4.09295205093326
1838,blimp,4.092809013446958
1839,larva,4.090992727359017
1840,krill,4.090782585974914
1841,snoop,4.086119410113024
1842,weave,4.08570394621495
1843,downy,4.085411176729972
1844,query,4.084868318916321
1845,spunk,4.083785070519856
1846,exert,4.080677069921064
1847,whiny,4.079235105780185
1848,hedge,4.0785815655029625
1849,avail,4.07779617475977
1850,spiky,4.075199369817194
1851,druid,4.073804059713622
1852,upper,4.073646014119264
1853,rumor,4.073264072291619
1854,udder,4.072178218243926
1855,curvy,4.071789119856197
1856,limit,4.071704726404983
1857,flown,4.06949602571271
1858,quasi,4.067037911725823
1859,index,4.065781582895664
1860,usual,4.064901679904501
1861,idiot,4.063009017728179
1862,award,4.061222248743726
1863,junta,4.060522910670805
1864,humid,4.059524864845126
1865,ferry,4.057997533905414
1866,bunch,4.051860394280467
1867,dodge,4.051838934480205
1868,amiss,4.047637161473584
1869,quake,4.04639740446217
1870,fritz,4.045102688264181
1871,tibia,4.043495713434099
1872,imply,4.043235398266732
1873,augur,4.0424118720947115
1874,crack,4.042373853110404
1875,pluck,4.040460077281217
1876,basis,4.039520477945717
1877,bough,4.03547195080751
1878,quash,4.032351519955498
1879,brood,4.030323950308987
1880,beech,4.030145122839251
1881,hatch,4.029679724371966
1882,chess,4.0293583981595145
1883,thump,4.0255422949118325
1884,owing,4.0250927955268745
1885,curry,4.020862287251177
1886,gloss,4.020359361310947
1887,fewer,4.016510778816583
1888,smoky,4.016397655348555
1889,unify,4.016253061390515
1890,filmy,4.015256922566873
1891,kneed,4.015030045065049
1892,sully,4.012524587773319
1893,flock,4.012344054037105
1894,flick,4.010236031720769
1895,pagan,4.00967564645869
1896,pushy,4.008104647710582
1897,fight,4.005864282196114
1898,bylaw,4.004942857629568
1899,union,4.002153012648078
1900,allow,4.002070463352128
1901,swill,4.0006711349527295
1902,furor,4.000081719528272
1903,twist,3.999498543859995
1904,shuck,3.9982646887256523
1905,crook,3.9982114726281757
1906,batty,3.995541193042295
1907,pubic,3.995472368330593
1908,alibi,3.9951485779347236
1909,milky,3.9931830734101914
1910,waltz,3.991465739441849
1911,pinky,3.990736266814454
1912,abbot,3.987978713945715
1913,vouch,3.9873689206126834
1914,slush,3.986517124840617
1915,parka,3.985298253967818
1916,flung,3.9852180430469244
1917,ionic,3.984102498765001
1918,proxy,3.983587412523705
1919,blitz,3.983371771004411
1920,windy,3.981979794064106
1921,bevel,3.9805604067759255
1922,awful,3.9780443568528248
1923,wight,3.977577732740534
1924,cheek,3.97722722351555
1925,fishy,3.9768969306572726
1926,bliss,3.97664050605318
1927,awake,3.9747694725417286
1928,modem,3.9746761987688446
1929,avian,3.973622796377935
1930,guess,3.9729928212479115
1931,axiom,3.9726172416779777
1932,skill,3.971810477509452
1933,roomy,3.9704118719515122
1934,condo,3.9684485247538897
1935,ninth,3.9681727588554483
1936,rugby,3.9680807247096146
1937,pupal,3.967900231546156
1938,penny,3.9646807200977365
1939,enemy,3.9645811397963175
1940,wispy,3.9635356924938447
1941,undue,3.963480135712953
1942,junto,3.9633960164154347
1943,teddy,3.9596347118963418
1944,squad,3.958640726416586
1945,belly,3.957179524962412
1946,razor,3.957010389687668
1947,queer,3.954844103824449
1948,occur,3.9537543679497027
1949,lumpy,3.951713590519973
1950,folio,3.9511977644176373
1951,dolly,3.95070454826574
1952,gassy,3.950389381296978
1953,rotor,3.950369134239203
1954,ennui,3.9500369407186033
1955,teeth,3.9500203468086874
1956,naval,3.949778047617013
1957,tepee,3.949191909699442
1958,gaffe,3.9489154508737014
1959,smash,3.9460471443264513
1960,chunk,3.944157696984073
1961,mushy,3.9398180044411237
1962,offer,3.937219546104283
1963,sappy,3.9353319942201663
1964,fever,3.9337980347659363
1965,abbey,3.9328650017568307
1966,rabbi,3.9328414728021808
1967,swung,3.93223990973636
1968,murky,3.931411154755307
1969,glyph,3.928393512722102
1970,photo,3.923057881864826
1971,array,3.921892035929705
1972,groom,3.9214156875928383
1973,error,3.921237077659486
1974,scoop,3.91917264639129
1975,skimp,3.918951516756519
1976,alpha,3.918425315071623
1977,awash,3.918142325259699
1978,ditty,3.917653072072934
1979,belle,3.9158981893946225
1980,qualm,3.914497097471825
1981,theft,3.914439426124552
1982,every,3.9130526613619567
1983,holly,3.9108197968320813
1984,banjo,3.910449125866527
1985,freer,3.9100667249607106
1986,vixen,3.9082528727901478
1987,dilly,3.9065171921347797
1988,fauna,3.9061374952567123
1989,booth,3.905697697349502
1990,radar,3.905481046213519
1991,penne,3.9050239244059664
1992,enjoy,3.9042909460917734
1993,quoth,3.903316932181557
1994,dandy,3.902992434561962
1995,flunk,3.8976887713644506
1996,chili,3.8970034830019715
1997,clack,3.8969443907200985
1998,sunny,3.896117272324229
1999,loopy,3.895932208416429
2000,comfy,3.8959033884844336
2001,lucky,3.8947396058571933
2002,swoon,3.894484354044831
2003,fatty,3.8912989348950826
2004,melee,3.8872371834359787
2005,worry,3.8869486090510583
2006,conch,3.885464341010098
2007,quark,3.88520699113389
2008,bushy,3.8851488479334355
2009,coyly,3.884416827912989
2010,going,3.8836264498228155
2011,blood,3.8829606195773954
2012,thumb,3.8811568731388935
2013,booty,3.8765515333784184
2014,broom,3.8707445527178024
2015,hilly,3.8700948543341456
2016,nylon,3.8682686896532603
2017,golly,3.8672488983291515
2018,outdo,3.866559219406252
2019,pupil,3.8665456368503723
2020,staff,3.866278914215176
2021,salsa,3.864886956140534
2022,spasm,3.8630904134862742
2023,dwell,3.861617059177029
2024,geese,3.8610852273089313
2025,whisk,3.860720758788576
2026,hurry,3.860191825685633
2027,floss,3.858898836569223
2028,proof,3.857728111193169
2029,duchy,3.8527112934114696
2030,plumb,3.8527054158869927
2031,karma,3.8480142735878458
2032,crock,3.847405619510612
2033,aging,3.845684169141788
2034,bawdy,3.844991611808849
2035,knoll,3.8418854006475556
2036,fungi,3.841823960273582
2037,villa,3.8415207296003873
2038,wedge,3.8403759668870285
2039,annex,3.8402271448850636
2040,rigid,3.8384410716205575
2041,crick,3.8359702299472795
2042,picky,3.8358419049425083
2043,gayly,3.832776655526161
2044,whack,3.8316105435041363
2045,chump,3.8274887048933284
2046,icily,3.8274394334482076
2047,apply,3.825873711703688
2048,comma,3.8249237165174677
2049,toddy,3.8218403618047665
2050,digit,3.8216229784438873
2051,vodka,3.817521103796032
2052,manga,3.8164585641339155
2053,axial,3.8156596388588877
2054,nutty,3.814940387643385
2055,dryly,3.8142200274230893
2056,hitch,3.8112630495593525
2057,cinch,3.8076861612268127
2058,dusky,3.80612978488429
2059,queen,3.804768851322819
2060,caddy,3.8032794628297313
2061,ozone,3.8031329571169694
2062,refer,3.8014130868902853
2063,leggy,3.8003143494369933
2064,pooch,3.7999516189727904
2065,swash,3.799412840871417
2066,equip,3.798897650062216
2067,igloo,3.7971688703573667
2068,tabby,3.79625455895482
2069,lymph,3.7955612332951354
2070,epoxy,3.7935348867351646
2071,husky,3.7933515760419425
2072,visit,3.792091008165667
2073,bitty,3.79019516700314
2074,hunky,3.7898879179938456
2075,tight,3.7880028175331693
2076,amaze,3.7877934259669885
2077,wacky,3.785883743240737
2078,gloom,3.7849630952907996
2079,mossy,3.782759473051491
2080,couch,3.780781747220992
2081,tweet,3.779311552556104
2082,timid,3.7779589934202034
2083,howdy,3.775594049822001
2084,lipid,3.77328804629781
2085,outgo,3.771953169991525
2086,jerky,3.77157653625683
2087,excel,3.770527914763412
2088,comic,3.7685091320287993
2089,judge,3.767503738537302
2090,billy,3.7665362880619226
2091,blurb,3.76617458678315
2092,flood,3.7656531037801244
2093,fanny,3.7629227628560185
2094,pudgy,3.762389133456823
2095,skull,3.7585003913145583
2096,weedy,3.7548912154174015
2097,brook,3.7537770717531025
2098,kiosk,3.753368966748809
2099,wooly,3.7528292025836896
2100,embed,3.7521004563677844
2101,eject,3.7503798180878247
2102,uncut,3.7501093348353423
2103,bezel,3.748713408741391
2104,vying,3.7486046089181766
2105,missy,3.746183473058209
2106,bulky,3.745834340433051
2107,shook,3.737059759807085
2108,musky,3.727694739643091
2109,bossy,3.7265398609358913
2110,bloom,3.7220510251098102
2111,mafia,3.721405482738197
2112,forgo,3.720994014144414
2113,quirk,3.718676453099789
2114,soggy,3.717463056771172
2115,dumpy,3.7163676776815944
2116,evoke,3.7147773878190478
2117,dully,3.711235784721656
2118,sushi,3.7102452504204053
2119,thigh,3.705867637385609
2120,usurp,3.7048479701920556
2121,gumbo,3.7039590373299185
2122,putty,3.7023718492337228
2123,offal,3.700992708379887
2124,folly,3.699844569694804
2125,clock,3.6986658740980474
2126,click,3.6936133655652004
2127,shyly,3.6906991311172583
2128,juicy,3.6890604397462123
2129,polyp,3.6866884575327696
2130,cynic,3.6858986022020677
2131,rajah,3.685415047897967
2132,taffy,3.6840796074675457
2133,fjord,3.6781213469258685
2134,allay,3.6755622656831863
2135,stiff,3.675228854890369
2136,idyll,3.66405371812308
2137,paddy,3.6628716814883653
2138,expel,3.66245846353812
2139,geeky,3.6622660770630118
2140,furry,3.660053391636275
2141,civil,3.657461472002028
2142,witty,3.6558889474118175
2143,beefy,3.655852803945322
2144,nymph,3.655737617979944
2145,myrrh,3.651291593171138
2146,wimpy,3.6510850928757015
2147,spook,3.6492480983804425
2148,filly,3.649179729721757
2149,kebab,3.6479341834093226
2150,cacao,3.6467978179123204
2151,gawky,3.645950270206813
2152,sniff,3.6434516064986586
2153,swoop,3.637101827124754
2154,willy,3.633092032165049
2155,hutch,3.6301200082823115
2156,abyss,3.6299125694008967
2157,level,3.629280938630581
2158,ruddy,3.6243432828948934
2159,kitty,3.6235154437602057
2160,gully,3.62218156251508
2161,undid,3.620153672285099
2162,lupus,3.619804178141806
2163,lowly,3.619763765297007
2164,bosom,3.613464373568865
2165,cliff,3.613462819848025
2166,spoof,3.6103116651322074
2167,swish,3.6074777353334015
2168,goody,3.6072091668550916
2169,tooth,3.606298635658715
2170,cabby,3.606107275740061
2171,hussy,3.604843826418626
2172,knack,3.5968880752035064
2173,bongo,3.596868792391049
2174,pixie,3.5968377820674613
2175,moody,3.5958119305402723
2176,juror,3.5927531191903963
2177,oddly,3.591726205133358
2178,squib,3.588178708628268
2179,inbox,3.586171889742042
2180,hippo,3.5859416410363827
2181,savvy,3.585113267234457
2182,quell,3.5848225892056376
2183,happy,3.584127537532025
2184,funky,3.5735809069325977
2185,fugue,3.5719949891327456
2186,macaw,3.570837349522275
2187,booze,3.5692330906380136
2188,verve,3.567978105050824
2189,papal,3.5665844944416767
2190,idiom,3.562432190692067
2191,hunch,3.562241501606476
2192,skulk,3.5606388703089404
2193,bully,3.559037607558532
2194,jewel,3.558522842112404
2195,mucky,3.5560782424300097
2196,mambo,3.556065453421184
2197,quack,3.554520754171973
2198,lobby,3.55440491969006
2199,tatty,3.5525520654492517
2200,wryly,3.5514998103234663
2201,llama,3.5456082757343474
2202,unzip,3.5430247947721787
2203,icing,3.535174714533614
2204,plaza,3.5319615846776475
2205,emcee,3.5291167098375924
2206,aback,3.5158731254520146
2207,cocoa,3.5132410475420857
2208,pulpy,3.5129129274430557
2209,onion,3.5041649368040177
2210,ovoid,3.501296468178487
2211,chaff,3.4945358913348405
2212,cubic,3.4945217588296
2213,guava,3.484915995463062
2214,scoff,3.484283860275983
2215,fifth,3.4840342160494657
2216,cluck,3.478324976248902
2217,livid,3.4696610954236893
2218,check,3.4690331624577304
2219,jetty,3.4673814412343047
2220,fifty,3.4616498690247286
2221,khaki,3.460779659828528
2222,stuff,3.456565160810554
2223,fully,3.4551324864999815
2224,skunk,3.4532673667203415
2225,jelly,3.449331254421944
2226,plump,3.44338439967793
2227,bunny,3.440730766701211
2228,amass,3.4389705548475398
2229,assay,3.437651403458353
2230,baggy,3.43707799036975
2231,dodgy,3.4361302175111508
2232,woody,3.425437112941992
2233,quill,3.4211765670324845
2234,snuff,3.4201433966882973
2235,knock,3.4171208524908194
2236,vigil,3.410714258940766
2237,motto,3.3968276005917284
2238,fussy,3.3866423832566572
2239,quick,3.3865189489833383
2240,mucus,3.3817099595410824
2241,sassy,3.3810280121981835
2242,hippy,3.3797768114886004
2243,widow,3.3750589478083737
2244,goofy,3.3728029819779506
2245,giddy,3.3636470974961226
2246,whoop,3.362900814158584
2247,chock,3.350894644325173
2248,gruff,3.3383020710546534
2249,funny,3.335268388590178
2250,piggy,3.334356126272371
2251,chick,3.328464014430966
2252,biddy,3.3284428595384825
2253,nanny,3.3222507019832985
2254,ninja,3.320096403293791
2255,which,3.3090038261157693
2256,kinky,3.301986201566211
2257,buxom,3.301325806404789
2258,humus,3.30024708002379
2259,jolly,3.2977973480792375
2260,hobby,3.2837148216889203
2261,slyly,3.24654118159863
2262,femme,3.2413024533630326
2263,dowdy,3.2186716686775076
2264,maxim,3.2157823989535776
2265,gypsy,3.207862966962827
2266,sissy,3.172314240723851
2267,madam,3.167531512145924
2268,muddy,3.167020881539515
2269,foggy,3.166118669196251
2270,dummy,3.161010016552421
2271,skiff,3.157781962875961
2272,known,3.152528898352065
2273,jumbo,3.141339601794671
2274,twixt,3.1304041044196214
2275,bluff,3.1278349672272263
2276,chuck,3.12745651686631
2277,buddy,3.1266915040990035
2278,guppy,3.114805786878867
2279,humph,3.101136936795476
2280,ninny,3.087180033733345
2281,gummy,3.069773381164439
2282,jumpy,3.057807700291583
2283,shush,3.0421056143697633
2284,pizza,3.038891986061434
2285,daddy,3.0252904220005297
2286,minim,3.0198584420982897
2287,buggy,3.0141922825817904
2288,queue,3.0063194194973457
2289,gamma,2.9945220375129
2290,magma,2.982517862444478
2291,boozy,2.9650251514235104
2292,puffy,2.940354829065285
2293,kayak,2.9290836739733255
2294,whiff,2.9126957867988366
2295,mammy,2.896407106671817
2296,booby,2.8948896587823567
2297,affix,2.870085055160947
2298,kappa,2.844282237714907
2299,woozy,2.836411511998973
2300,pygmy,2.835613376349311
2301,mimic,2.8185297253139554
2302,poppy,2.8117468911500727
2303,dizzy,2.759449545334836
2304,civic,2.6778654980665078
2305,bobby,2.607676717644889
2306,fluff,2.5657898308262572
2307,puppy,2.5625683992972794
2308,vivid,2.5269984040687232
2309,jiffy,2.5081005279967132
2310,fizzy,2.5068558350757555
2311,mummy,2.479609564224389
2312,mamma,2.39862017498531
2313,jazzy,2.3090773855798967
2314,fuzzy,2.305734237551106
